key,value
castle_hp,1000
castle_hp_per_level,200
gate_hp_per_level,400
keep_slot_tiers,1:4|5:8|10:12
keep_interior_tiers,1:20|5:24|10:28
max_live_monsters,120
countdown_sec,3
result_sec,2
wave_gap_sec,8
spawn_spacing_sec,0.5
accum_cap_min,720
pop_base,6
pop_per_house,2
soldier_max_tier,5
soldier_tier_mult,2
soldier_prod_sec,10800
soldier_prod_level_factor,0.95
soldier_merge_count,5
badge_min,5
merchant_jackpot_p,0.05
merchant_jackpot_rate,2
merchant_rate_min,0.5
merchant_rate_max,1.5
merchant_rate_step,0.1
merchant_low_high_ratio,3
kill_rate_cap,5
kill_burst_sec,60
starter_heroes,hans|ella|dorik|nina
hero_max_stars,5
hero_star_bonus,0.1
lab_atk_per_level,0.03
gacha_cost_1,300
gacha_cost_10,2700
gacha_rate_ssr,0.03
gacha_rate_sr,0.17
tavern_ssr_per_level,0.001
tavern_sr_per_level,0.003
gacha_10_min_sr,1
hero_max_level_base,20
hero_max_level_per_star,10
hero_level_stat,0.06
levelup_gold_R,30
levelup_gold_SR,60
levelup_gold_SSR,120
fever_kills,200
fever_sec,180
fever_spawn_mult,3
