id,type,needs,reward,fixed
look_keep,tutorial,,wood:720|stone:960|food:480,
build_lumber,tutorial,build:lumber,wood:1200|stone:480|food:480,
build_quarry,tutorial,build:quarry,wood:960|stone:720|food:240,
build_farm,tutorial,build:farm,tickets:10,
kill_30,tutorial,,tickets:10,
collect,tutorial,,tickets:10,
sell,tutorial,,tickets:10,
stage_1_1,tutorial,,gold:230,
hero_level,tutorial,,gold:1200,
growth,tutorial,,wood:2160|stone:1200|food:1800,
build_tavern,tutorial,build:tavern,tickets:10,
gacha,tutorial,,tickets:10,
deploy_new,tutorial,,tickets:10,
stage_1_3,tutorial,,wood:2400|stone:1440|food:1200,
build_barracks,tutorial,build:barracks,wood:240|food:360,
train,tutorial,,wood:1920|stone:960|food:1440,
build_houses,tutorial,build:houses,tickets:10,
kill_100,tutorial,,keys_gold:2,
dungeon_gold,tutorial,,keys_equip:2,
dungeon_equip,tutorial,,keys_ticket:2,
dungeon_ticket,tutorial,,tickets:10,
equip,tutorial,,tickets:10,
soldier_deploy,tutorial,,tickets:10,
stage_1_5,tutorial,,wood:1800|stone:2400|food:960,
build_lab,tutorial,build:lab,wood:1440|stone:960|food:1200,
research,tutorial,,wood:2640|stone:1200|food:1200,
build_archery,tutorial,build:archery,wood:2400|stone:1680|food:1920,
build_stable,tutorial,build:stable,wood:3600|stone:3600|food:2400,
keep_2,tutorial,level:keep:2,wood:1800|stone:3000,
gate_2,tutorial,level:gate:2,tickets:10,
kill_300,tutorial,,tickets:10,
stage_1_10,tutorial,,tickets:10,
guild,tutorial,,tickets:10,
rep_kill,repeat,,gold:3000,
rep_collect,repeat,,gold:2000,
rep_stage,repeat,,,diamonds:20
rep_growth_up,repeat,,gold:5000,
rep_sell,repeat,,gold:2000,
rep_hero_up,repeat,,gold:5000,
rep_gacha,repeat,,,tickets:1
rep_dungeon_win,repeat,,,keys_gold:1
rep_build_up,repeat,,wood:3000|stone:3000|food:3000,
