stage,hp_mult,atk_mult,gold_mult,waves,wave_size,idle_interval
1,1.00,1.00,1.0,3,8,4
2,1.10,1.10,1.2,3,10,4
3,1.20,1.20,1.4,4,12,4
4,1.30,1.30,1.6,4,14,4
5,1.40,1.40,1.8,4,16,4
6,1.50,1.50,2.0,5,18,4
7,1.60,1.60,2.2,5,20,4
8,1.70,1.70,2.4,5,22,4
9,1.80,1.80,2.6,6,24,4
10,1.90,1.90,2.8,6,26,4
11,2.00,2.00,3.0,6,28,4
12,2.10,2.10,3.2,7,30,4
13,2.20,2.20,3.4,7,32,4
14,2.30,2.30,3.6,7,34,4
15,2.40,2.40,3.8,8,36,4
16,2.50,2.50,4.0,8,38,4
17,2.60,2.60,4.2,8,40,4
18,2.70,2.70,4.4,9,42,4
19,2.80,2.80,4.6,9,44,4
20,2.90,2.90,4.8,9,46,4
21,3.00,3.00,5.0,10,48,4
22,3.10,3.10,5.2,10,50,4
23,3.20,3.20,5.4,10,52,4
24,3.30,3.30,5.6,11,54,4
25,3.40,3.40,5.8,11,56,4
26,3.50,3.50,6.0,11,58,4
27,3.60,3.60,6.2,12,60,4
28,3.70,3.70,6.4,12,62,4
29,3.80,3.80,6.6,12,64,4
30,3.90,3.90,6.8,13,66,4
